Date;Title;Distance;Calories;Time;Avg HR;Max HR;Avg Run Cadence;Max Run Cadence;Avg Pace;Best Pace;Avg Stride Length;Elapsed Time;activityMinute;Avg Speed;Best Speed;activityYear;activityMonth;activityDay;activityMonthName;activityDayName;city;lat;lon;Month;activityLevel
2019-01-04 20:02:55;Running;4.6;286.0;00:25:26;149;179;174.0;186.0;5.533333333333333;3.9333333333333336;1.04;25.433333333333334;25.433333333333334;10.843373493975903;15.254237288135592;2019;1;4;January;Friday;Paris;48.8534;2.3488;Jan 2019;Moderate
2019-01-06 17:28:53;Running;4.48;322.0;00:29:02;150;183;168.0;194.0;6.483333333333333;3.8333333333333335;0.91;29.033333333333335;29.033333333333335;9.254498714652955;15.652173913043478;2019;1;6;January;Sunday;Paris;48.8534;2.3488;Jan 2019;Moderate
2019-01-13 10:37:29;Running;11.04;734.0;00:59:30;163;183;176.0;186.0;5.383333333333334;4.233333333333333;1.05;59.5;59.5;11.145510835913312;14.173228346456693;2019;1;6;January;Sunday;Paris;48.8534;2.3488;Jan 2019;Hard
2019-01-18 19:11:33;Running;3.62;249.0;00:20:04;163;185;176.0;190.0;5.55;3.8666666666666667;1.03;20.066666666666666;20.066666666666666;10.81081081081081;15.517241379310345;2019;1;4;January;Friday;Paris;48.8534;2.3488;Jan 2019;Hard
2019-02-05 19:57:17;Running;8.51;513.0;00:44:56;153;184;172.0;190.0;5.283333333333333;4.016666666666667;1.09;44.93333333333333;44.93333333333333;11.35646687697161;14.937759336099585;2019;2;1;February;Tuesday;Paris;48.8534;2.3488;Feb 2019;Hard
2019-02-10 17:46:24;Running;8.2;506.0;00:40:09;165;186;178.0;188.0;4.9;4.0;1.14;40.15;40.15;12.244897959183673;15.0;2019;2;6;February;Sunday;Paris;48.8534;2.3488;Feb 2019;Hard
2019-02-13 19:47:02;Running;2.76;151.0;00:13:25;151;174;180.0;186.0;4.85;3.95;1.15;13.416666666666666;13.416666666666666;12.371134020618557;15.189873417721518;2019;2;2;February;Wednesday;Paris;48.8534;2.3488;Feb 2019;Moderate
2019-02-17 17:26:06;Running;11.68;709.0;00:59:50;158;182;176.0;244.0;5.116666666666666;3.8833333333333333;1.1;59.833333333333336;59.833333333333336;11.726384364820849;15.450643776824034;2019;2;6;February;Sunday;Paris;48.8534;2.3488;Feb 2019;Hard
2019-02-24 08:53:33;Running;11.33;726.0;00:59:36;163;190;172.0;182.0;5.266666666666667;3.1333333333333333;1.1;59.6;59.6;11.39240506329114;19.148936170212767;2019;2;6;February;Sunday;Paris;48.8534;2.3488;Feb 2019;Hard
2019-03-03 08:13:50;Running;2.16;141.0;00:13:22;141;165;166.0;220.0;6.2;4.083333333333333;0.98;13.366666666666667;13.366666666666667;9.67741935483871;14.693877551020408;2019;3;6;March;Sunday;Paris;48.8534;2.3488;Mar 2019;Moderate
2019-03-03 17:06:13;Running;7.62;520.0;00:39:36;161;179;178.0;192.0;5.2;3.8666666666666667;1.08;39.6;39.6;11.538461538461538;15.517241379310345;2019;3;6;March;Sunday;Paris;48.8534;2.3488;Mar 2019;Hard
2019-03-06 12:10:50;Running;11.61;733.0;00:50:25;172;196;174.0;242.0;4.333333333333333;3.0833333333333335;1.32;50.416666666666664;50.416666666666664;13.846153846153847;19.45945945945946;2019;3;2;March;Wednesday;Paris;48.8534;2.3488;Mar 2019;Very Hard
2019-03-06 19:41:14;Running;4.22;246.0;00:21:50;144;185;170.0;184.0;5.183333333333334;3.9;1.13;21.833333333333332;21.833333333333332;11.57556270096463;15.384615384615385;2019;3;2;March;Wednesday;Paris;48.8534;2.3488;Mar 2019;Moderate
2019-03-10 16:35:41;Running;10.37;522.0;01:00:35;163;182;182.0;194.0;5.85;4.9;0.94;60.583333333333336;60.583333333333336;10.256410256410257;12.244897959183673;2019;3;6;March;Sunday;Paris;48.8534;2.3488;Mar 2019;Hard
2019-03-12 12:12:01;Paris - Running;7.64;388.0;00:48:41;151;166;176.0;194.0;6.366666666666666;4.333333333333333;0.89;48.68333333333333;48.68333333333333;9.424083769633508;13.846153846153847;2019;3;1;March;Tuesday;Paris;48.8534;2.3488;Mar 2019;Moderate
2019-03-15 12:21:45;Running;7.93;465.0;00:48:43;174;189;178.0;210.0;6.15;3.6666666666666665;0.92;48.71666666666667;48.71666666666667;9.75609756097561;16.363636363636363;2019;3;4;March;Friday;Paris;48.8534;2.3488;Mar 2019;Very Hard
2019-03-18 18:49:06;Running;9.72;499.0;01:00:11;155;179;184.0;198.0;6.183333333333334;4.566666666666666;0.88;60.18333333333333;60.18333333333333;9.703504043126685;13.138686131386862;2019;3;0;March;Monday;Paris;48.8534;2.3488;Mar 2019;Hard
2019-03-19 12:09:58;Paris Running;8.8;483.0;00:53:30;167;181;178.0;194.0;6.083333333333333;3.95;0.93;53.5;53.5;9.863013698630137;15.189873417721518;2019;3;1;March;Tuesday;Paris;48.8534;2.3488;Mar 2019;Hard
2019-04-04 12:15:58;Running;11.08;612.0;01:15:13;165;181;176.0;204.0;6.783333333333333;3.5166666666666666;0.84;75.28333333333333;75.21666666666667;8.845208845208845;17.061611374407583;2019;4;3;April;Thursday;Paris;48.8534;2.3488;Apr 2019;Hard
2019-04-10 18:26:19;Running;14.36;813.0;01:31:06;170;187;180.0;190.0;6.35;3.5;0.88;91.1;91.1;9.448818897637796;17.142857142857142;2019;4;2;April;Wednesday;Paris;48.8534;2.3488;Apr 2019;Hard
2019-04-14 08:47:32;Running;15.14;693.0;01:42:19;146;168;178.0;188.0;6.766666666666667;5.283333333333333;0.83;102.31666666666666;102.31666666666666;8.866995073891626;11.35646687697161;2019;4;6;April;Sunday;Paris;48.8534;2.3488;Apr 2019;Moderate
2019-04-16 12:19:00;Paris Running;8.47;431.0;00:53:17;160;180;176.0;184.0;6.3;4.266666666666667;0.9;53.28333333333333;53.28333333333333;9.523809523809524;14.0625;2019;4;1;April;Tuesday;Paris;48.8534;2.3488;Apr 2019;Hard
2019-04-17 18:29:47;Running;14.33;770.0;01:30:20;166;176;178.0;190.0;6.3;4.183333333333334;0.89;90.33333333333333;90.33333333333333;9.523809523809524;14.342629482071713;2019;4;2;April;Wednesday;Paris;48.8534;2.3488;Apr 2019;Hard
2019-04-19 12:35:06;Paris Running;7.22;415.0;00:46:23;171;189;176.0;184.0;6.433333333333334;3.65;0.88;46.38333333333333;46.38333333333333;9.32642487046632;16.438356164383563;2019;4;4;April;Friday;Paris;48.8534;2.3488;Apr 2019;Very Hard
2019-04-24 12:37:32;Pantin Running;8.34;430.0;00:48:37;170;194;178.0;184.0;5.833333333333333;4.116666666666666;0.96;48.61666666666667;48.61666666666667;10.285714285714286;14.574898785425102;2019;4;2;April;Wednesday;Paris;48.8534;2.3488;Apr 2019;Hard
2019-04-26 12:27:07;Running;10.83;560.0;01:04:23;169;184;180.0;216.0;5.95;4.65;0.93;64.38333333333334;64.38333333333334;10.084033613445378;12.903225806451612;2019;4;4;April;Friday;Paris;48.8534;2.3488;Apr 2019;Hard
2019-05-05 08:40:41;Paris Running;13.39;672.0;01:33:01;155;171;182.0;196.0;6.95;4.983333333333333;0.79;93.01666666666667;93.01666666666667;8.633093525179856;12.040133779264213;2019;5;6;May;Sunday;Paris;48.8534;2.3488;May 2019;Hard
2019-05-07 12:31:32;Running;7.18;405.0;00:49:21;163;191;178.0;186.0;6.883333333333333;6.083333333333333;0.82;49.35;49.35;8.716707021791768;9.863013698630137;2019;5;1;May;Tuesday;Paris;48.8534;2.3488;May 2019;Hard
2019-05-12 08:18:40;Paris Running;18.14;904.0;02:01:27;156;174;182.0;196.0;6.7;5.216666666666667;0.82;121.45;121.45;8.955223880597014;11.501597444089457;2019;5;6;May;Sunday;Paris;48.8534;2.3488;May 2019;Hard
2019-05-14 19:58:24;Paris Running;6.07;282.0;00:32:18;168;190;186.0;200.0;5.316666666666666;4.6;1.01;32.3;32.3;11.285266457680251;13.043478260869566;2019;5;1;May;Tuesday;Paris;48.8534;2.3488;May 2019;Hard
2019-05-15 12:24:58;Paris Running;8.93;455.0;00:56:50;163;190;180.0;194.0;6.366666666666666;4.933333333333334;0.87;56.833333333333336;56.833333333333336;9.424083769633508;12.162162162162161;2019;5;2;May;Wednesday;Paris;48.8534;2.3488;May 2019;Hard
2019-05-18 10:03:25;Deauville Running;10.5;480.0;01:01:10;161;178;182.0;190.0;5.833333333333333;4.883333333333333;0.94;61.166666666666664;61.166666666666664;10.285714285714286;12.286689419795223;2019;5;5;May;Saturday;Paris;48.8534;2.3488;May 2019;Hard
2019-05-19 09:37:09;Deauville Running;16.48;730.0;02:02:55;145;165;178.0;190.0;7.45;5.85;0.75;122.91666666666667;122.91666666666667;8.053691275167784;10.256410256410257;2019;5;6;May;Sunday;Paris;48.8534;2.3488;May 2019;Moderate
2019-05-21 18:09:59;Paris Running;14.36;728.0;01:33:53;163;178;178.0;188.0;6.533333333333333;3.8;0.86;93.88333333333334;93.88333333333334;9.183673469387756;15.789473684210527;2019;5;1;May;Tuesday;Paris;48.8534;2.3488;May 2019;Hard
2019-05-22 12:21:14;Paris Running;9.03;453.0;00:56:07;167;187;178.0;188.0;6.216666666666667;3.8833333333333333;0.9;56.11666666666667;56.11666666666667;9.651474530831099;15.450643776824034;2019;5;2;May;Wednesday;Paris;48.8534;2.3488;May 2019;Hard
2019-05-24 12:15:49;Paris Running;11.56;562.0;01:07:51;168;187;180.0;192.0;5.866666666666667;4.8;0.94;67.85;67.85;10.227272727272727;12.5;2019;5;4;May;Friday;Paris;48.8534;2.3488;May 2019;Hard
2019-05-26 09:03:13;Paris Running;19.41;821.0;02:17:07;142;163;180.0;228.0;7.066666666666666;4.9;0.79;137.11666666666667;137.11666666666667;8.49056603773585;12.244897959183673;2019;5;6;May;Sunday;Paris;48.8534;2.3488;May 2019;Moderate
2019-06-02 07:35:56;Paris Running;15.75;793.0;01:37:39;170;183;182.0;218.0;6.2;2.4166666666666665;0.88;97.65;97.65;9.67741935483871;24.82758620689655;2019;6;6;June;Sunday;Paris;48.8534;2.3488;Jun 2019;Hard
2019-06-09 08:47:58;Paris Running;17.08;780.0;01:53:39;151;171;184.0;208.0;6.65;4.633333333333333;0.82;113.65;113.65;9.022556390977444;12.949640287769785;2019;6;6;June;Sunday;Paris;48.8534;2.3488;Jun 2019;Moderate
2019-06-15 08:14:25;Paris Running;3.64;165.0;00:25:29;146;158;182.0;190.0;7.0;5.233333333333333;0.79;25.483333333333334;25.483333333333334;8.571428571428571;11.464968152866241;2019;6;5;June;Saturday;Paris;48.8534;2.3488;Jun 2019;Moderate
2019-06-16 09:26:11;Versailles Running;14.64;689.0;01:19:07;174;191;188.0;202.0;5.4;4.45;0.98;79.11666666666666;79.11666666666666;11.11111111111111;13.48314606741573;2019;6;6;June;Sunday;Versailles;48.8;2.133;Jun 2019;Very Hard
2019-06-17 19:20:36;Paris Running;5.0;224.0;00:37:35;138;151;178.0;186.0;7.516666666666667;6.616666666666667;0.75;37.583333333333336;37.583333333333336;7.982261640798226;9.06801007556675;2019;6;0;June;Monday;Paris;48.8534;2.3488;Jun 2019;Moderate
2019-07-19 06:58:22;Paris Running;5.19;247.0;00:33:55;160;180;182.0;188.0;6.533333333333333;4.983333333333333;0.84;33.916666666666664;33.916666666666664;9.183673469387756;12.040133779264213;2019;7;4;July;Friday;Paris;48.8534;2.3488;Jul 2019;Hard
2019-07-21 08:00:31;Paris Running;19.69;855.0;02:14:34;152;174;182.0;204.0;6.833333333333333;5.15;0.8;134.56666666666666;134.56666666666666;8.78048780487805;11.650485436893202;2019;7;6;July;Sunday;Paris;48.8534;2.3488;Jul 2019;Hard
2019-07-24 06:52:10;Paris Running;7.33;329.0;00:45:04;158;173;182.0;188.0;6.15;4.983333333333333;0.89;45.06666666666667;45.06666666666667;9.75609756097561;12.040133779264213;2019;7;2;July;Wednesday;Paris;48.8534;2.3488;Jul 2019;Hard
2019-07-27 08:21:34;Deauville Running;10.3;497.0;01:14:23;158;171;180.0;186.0;7.216666666666667;6.183333333333334;0.77;74.38333333333334;74.38333333333334;8.314087759815243;9.703504043126685;2019;7;5;July;Saturday;Paris;48.8534;2.3488;Jul 2019;Hard
2019-07-28 08:20:14;Deauville Running;11.89;535.0;01:33:16;148;166;180.0;188.0;7.833333333333333;6.133333333333334;0.71;93.26666666666667;93.26666666666667;7.659574468085107;9.782608695652174;2019;7;6;July;Sunday;Paris;48.8534;2.3488;Jul 2019;Moderate
2019-08-04 08:02:25;Paris Running;11.1;547.0;01:08:57;174;186;182.0;200.0;6.216666666666667;4.216666666666667;0.89;68.95;68.95;9.651474530831099;14.229249011857707;2019;8;6;August;Sunday;Paris;48.8534;2.3488;Aug 2019;Very Hard
2019-08-08 12:32:03;Pantin Running;9.66;435.0;00:55:28;171;182;184.0;188.0;5.75;5.133333333333334;0.95;55.46666666666667;55.46666666666667;10.434782608695652;11.688311688311687;2019;8;3;August;Thursday;Paris;48.8534;2.3488;Aug 2019;Very Hard
2019-08-11 08:04:04;Paris Running;18.46;800.0;02:09:48;150;175;182.0;204.0;7.033333333333333;5.266666666666667;0.78;129.8;129.8;8.530805687203792;11.39240506329114;2019;8;6;August;Sunday;Paris;48.8534;2.3488;Aug 2019;Moderate
2019-08-13 12:20:14;Paris Running;9.95;461.0;01:01:00;166;187;188.0;194.0;6.133333333333334;4.883333333333333;0.87;61.0;61.0;9.782608695652174;12.286689419795223;2019;8;1;August;Tuesday;Paris;48.8534;2.3488;Aug 2019;Hard
2019-08-16 08:12:15;Deauville Running;6.54;307.0;00:38:30;171;191;190.0;202.0;5.883333333333333;4.366666666666666;0.9;38.5;38.5;10.19830028328612;13.740458015267176;2019;8;4;August;Friday;Paris;48.8534;2.3488;Aug 2019;Very Hard
2019-08-17 09:25:52;Deauville Running;8.24;416.0;00:54:46;166;180;188.0;194.0;6.65;5.916666666666667;0.8;57.15;54.766666666666666;9.022556390977444;10.140845070422534;2019;8;5;August;Saturday;Paris;48.8534;2.3488;Aug 2019;Hard
2019-08-18 09:26:25;Deauville Running;14.83;685.0;01:46:28;159;178;184.0;194.0;7.183333333333334;5.65;0.76;106.46666666666667;106.46666666666667;8.352668213457076;10.619469026548671;2019;8;6;August;Sunday;Paris;48.8534;2.3488;Aug 2019;Hard
2019-08-20 12:20:00;Paris Running;6.72;313.0;00:44:07;165;184;184.0;206.0;6.566666666666666;3.4833333333333334;0.82;44.11666666666667;44.11666666666667;9.137055837563452;17.22488038277512;2019;8;1;August;Tuesday;Paris;48.8534;2.3488;Aug 2019;Hard
2019-08-25 08:23:04;Paris Running;11.7;540.0;01:23:03;153;170;182.0;214.0;7.1;5.8;0.77;84.21666666666667;83.05;8.450704225352114;10.344827586206897;2019;8;6;August;Sunday;Paris;48.8534;2.3488;Aug 2019;Hard
2019-09-03 12:18:23;Pantin Running;10.54;476.0;01:06:04;165;181;184.0;190.0;6.266666666666667;5.3;0.87;66.06666666666666;66.06666666666666;9.574468085106384;11.320754716981133;2019;9;1;September;Tuesday;Paris;48.8534;2.3488;Sep 2019;Hard
2019-09-04 20:02:46;Paris Running;5.41;225.0;00:30:32;161;183;184.0;190.0;5.65;4.35;0.97;30.533333333333335;30.533333333333335;10.619469026548671;13.793103448275863;2019;9;2;September;Wednesday;Paris;48.8534;2.3488;Sep 2019;Hard
2019-09-05 12:09:51;Paris Running;9.84;447.0;01:01:12;163;180;184.0;194.0;6.216666666666667;4.883333333333333;0.87;61.2;61.2;9.651474530831099;12.286689419795223;2019;9;3;September;Thursday;Paris;48.8534;2.3488;Sep 2019;Hard
2019-09-16 19:37:26;Paris Running;5.98;267.0;00:40:58;146;157;182.0;188.0;6.85;5.4;0.81;40.96666666666667;40.96666666666667;8.75912408759124;11.11111111111111;2019;9;0;September;Monday;Paris;48.8534;2.3488;Sep 2019;Moderate
2019-09-17 12:17:12;Paris Running;8.72;401.0;00:56:24;159;190;184.0;196.0;6.466666666666667;4.116666666666666;0.84;57.11666666666667;56.4;9.278350515463917;14.574898785425102;2019;9;1;September;Tuesday;Paris;48.8534;2.3488;Sep 2019;Hard
2019-09-21 10:08:18;Paris Running;10.06;491.0;01:00:38;175;194;182.0;188.0;6.033333333333333;4.716666666666667;0.91;60.63333333333333;60.63333333333333;9.94475138121547;12.720848056537102;2019;9;5;September;Saturday;Paris;48.8534;2.3488;Sep 2019;Very Hard
2019-09-22 10:19:12;Paris Running;12.6;649.0;01:27:28;166;184;182.0;214.0;6.933333333333334;5.483333333333333;0.79;87.46666666666667;87.46666666666667;8.653846153846153;10.94224924012158;2019;9;6;September;Sunday;Paris;48.8534;2.3488;Sep 2019;Hard
2019-09-24 10:33:13;La Garde-Freinet Running;9.57;528.0;01:04:33;175;192;182.0;194.0;6.75;4.966666666666667;0.81;64.55;64.55;8.88888888888889;12.080536912751677;2019;9;1;September;Tuesday;La Garde-Freinet;43.3167;6.4667;Sep 2019;Very Hard
2019-09-24 11:39:22;La Garde-Freinet Running;3.12;174.0;00:23:09;173;185;182.0;190.0;7.416666666666667;5.683333333333334;0.74;23.15;23.15;8.089887640449438;10.557184750733137;2019;9;1;September;Tuesday;La Garde-Freinet;43.3167;6.4667;Sep 2019;Very Hard
2019-09-27 09:31:04;La Garde-Freinet Running;16.14;810.0;02:10:16;155;180;182.0;192.0;8.066666666666666;4.833333333333333;0.68;130.26666666666668;130.26666666666668;7.43801652892562;12.413793103448276;2019;9;4;September;Friday;La Garde-Freinet;43.3167;6.4667;Sep 2019;Hard
2019-09-28 11:10:01;La Garde-Freinet Running;6.21;277.0;00:42:07;148;175;186.0;192.0;6.783333333333333;5.266666666666667;0.79;42.11666666666667;42.11666666666667;8.845208845208845;11.39240506329114;2019;9;5;September;Saturday;La Garde-Freinet;43.3167;6.4667;Sep 2019;Moderate
2019-10-02 07:49:10;Running;2.24;81.0;00:12:28;143;162;188.0;200.0;5.566666666666666;4.566666666666666;0.95;12.466666666666667;12.466666666666667;10.778443113772456;13.138686131386862;2019;10;2;October;Wednesday;Paris;48.8534;2.3488;Oct 2019;Moderate
2019-10-06 18:38:46;Paris Running;10.11;479.0;01:08:55;156;171;184.0;214.0;6.816666666666666;5.6;0.79;68.91666666666667;68.91666666666667;8.80195599022005;10.714285714285715;2019;10;6;October;Sunday;Paris;48.8534;2.3488;Oct 2019;Hard
2019-10-08 18:51:16;Paris Running;10.77;490.0;01:05:21;164;189;186.0;202.0;6.066666666666666;3.3166666666666664;0.89;65.35;65.35;9.89010989010989;18.090452261306535;2019;10;1;October;Tuesday;Paris;48.8534;2.3488;Oct 2019;Hard
2019-10-09 18:59:39;Paris Running;9.54;417.0;00:56:36;160;184;182.0;206.0;5.933333333333334;4.633333333333333;0.93;56.6;56.6;10.112359550561797;12.949640287769785;2019;10;2;October;Wednesday;Paris;48.8534;2.3488;Oct 2019;Hard
2019-10-13 09:04:05;Deauville Running;18.51;835.0;02:16:53;150;170;182.0;190.0;7.4;6.116666666666666;0.74;136.88333333333333;136.88333333333333;8.108108108108107;9.809264305177113;2019;10;6;October;Sunday;Paris;48.8534;2.3488;Oct 2019;Moderate
2019-10-15 12:26:25;Paris Running;6.38;263.0;00:36:52;158;182;192.0;208.0;5.783333333333333;3.95;0.9;36.86666666666667;36.86666666666667;10.37463976945245;15.189873417721518;2019;10;1;October;Tuesday;Paris;48.8534;2.3488;Oct 2019;Hard
2019-10-17 18:56:40;Paris Running;6.0;271.0;00:33:17;172;179;186.0;192.0;5.55;5.016666666666667;0.97;33.28333333333333;33.28333333333333;10.81081081081081;11.960132890365449;2019;10;3;October;Thursday;Paris;48.8534;2.3488;Oct 2019;Very Hard
2019-10-17 19:30:41;Paris Running;1.78;89.0;00:12:38;157;163;182.0;188.0;7.083333333333333;6.133333333333334;0.78;12.633333333333333;12.633333333333333;8.470588235294118;9.782608695652174;2019;10;3;October;Thursday;Paris;48.8534;2.3488;Oct 2019;Hard
2019-10-20 16:37:10;Paris Running;16.12;728.0;01:44:54;157;176;186.0;214.0;6.5;5.083333333333333;0.83;104.9;104.9;9.23076923076923;11.80327868852459;2019;10;6;October;Sunday;Paris;48.8534;2.3488;Oct 2019;Hard
2019-10-22 18:50:30;Paris Running;10.11;425.0;01:01:15;159;180;186.0;224.0;6.066666666666666;4.683333333333334;0.88;65.71666666666667;61.25;9.89010989010989;12.811387900355871;2019;10;1;October;Tuesday;Paris;48.8534;2.3488;Oct 2019;Hard
2019-10-23 12:04:09;Paris Running;8.02;310.0;00:45:00;151;176;192.0;210.0;5.616666666666667;4.2;0.93;45.96666666666667;45.0;10.682492581602373;14.285714285714285;2019;10;2;October;Wednesday;Paris;48.8534;2.3488;Oct 2019;Moderate
2019-10-25 12:05:41;Paris Running;11.57;497.0;01:05:29;163;189;186.0;200.0;5.666666666666667;4.133333333333334;0.94;65.48333333333333;65.48333333333333;10.588235294117647;14.516129032258062;2019;10;4;October;Friday;Paris;48.8534;2.3488;Oct 2019;Hard
2019-10-27 15:57:04;Paris Running;21.58;962.0;02:13:37;160;174;186.0;198.0;6.183333333333334;5.05;0.87;133.61666666666667;133.61666666666667;9.703504043126685;11.881188118811881;2019;10;6;October;Sunday;Paris;48.8534;2.3488;Oct 2019;Hard
2019-10-29 12:23:43;Paris Running;9.64;443.0;00:57:16;163;185;186.0;214.0;5.933333333333334;3.2333333333333334;0.9;57.266666666666666;57.266666666666666;10.112359550561797;18.556701030927833;2019;10;1;October;Tuesday;Paris;48.8534;2.3488;Oct 2019;Hard
2019-10-30 07:21:53;Paris Running;8.67;369.0;00:48:49;157;177;188.0;214.0;5.633333333333333;4.783333333333333;0.95;48.81666666666667;48.81666666666667;10.650887573964498;12.543554006968641;2019;10;2;October;Wednesday;Paris;48.8534;2.3488;Oct 2019;Hard
2019-11-02 08:29:16;Deauville Running;11.71;506.0;01:05:06;159;176;192.0;204.0;5.566666666666666;4.8;0.94;65.1;65.1;10.778443113772456;12.5;2019;11;5;November;Saturday;Paris;48.8534;2.3488;Nov 2019;Hard
2019-11-03 09:11:38;Deauville Running;21.37;995.0;02:14:03;160;178;184.0;194.0;6.283333333333333;5.183333333333334;0.86;134.38333333333333;134.05;9.549071618037136;11.57556270096463;2019;11;6;November;Sunday;Paris;48.8534;2.3488;Nov 2019;Hard
2019-11-06 07:20:33;Paris Running;8.22;400.0;00:51:54;158;174;192.0;210.0;6.316666666666666;5.283333333333333;0.83;51.9;51.9;9.49868073878628;11.35646687697161;2019;11;2;November;Wednesday;Paris;48.8534;2.3488;Nov 2019;Hard
2019-11-08 07:20:32;Paris Running;9.29;407.0;00:52:24;158;177;190.0;220.0;5.633333333333333;4.633333333333333;0.94;52.4;52.4;10.650887573964498;12.949640287769785;2019;11;4;November;Friday;Paris;48.8534;2.3488;Nov 2019;Hard
2019-11-09 09:27:11;Deauville Running;18.22;827.0;01:44:56;163;178;188.0;198.0;5.766666666666667;5.016666666666667;0.93;104.96666666666667;104.93333333333334;10.404624277456648;11.960132890365449;2019;11;5;November;Saturday;Paris;48.8534;2.3488;Nov 2019;Hard
2019-11-10 09:27:10;Deauville Running;21.78;955.0;02:15:23;157;173;188.0;240.0;6.216666666666667;5.116666666666666;0.85;135.38333333333333;135.38333333333333;9.651474530831099;11.726384364820849;2019;11;6;November;Sunday;Paris;48.8534;2.3488;Nov 2019;Hard
2019-11-12 20:07:22;Paris Running;9.24;408.0;01:00:46;145;167;192.0;202.0;6.566666666666666;5.6;0.79;60.766666666666666;60.766666666666666;9.137055837563452;10.714285714285715;2019;11;1;November;Tuesday;Paris;48.8534;2.3488;Nov 2019;Moderate
2019-11-14 18:55:34;Paris Running;6.82;307.0;00:41:52;151;172;188.0;204.0;6.133333333333334;3.95;0.87;41.86666666666667;41.86666666666667;9.782608695652174;15.189873417721518;2019;11;3;November;Thursday;Paris;48.8534;2.3488;Nov 2019;Moderate
2019-11-17 09:33:24;Deauville Running;20.87;887.0;02:01:40;159;177;186.0;196.0;5.833333333333333;4.7;0.92;121.66666666666667;121.66666666666667;10.285714285714286;12.76595744680851;2019;11;6;November;Sunday;Paris;48.8534;2.3488;Nov 2019;Hard
2019-11-17 11:35:21;Tourgéville Running;21.5;871.0;02:02:27;158;173;190.0;198.0;5.7;4.4;0.92;122.53333333333333;122.45;10.526315789473683;13.636363636363635;2019;11;6;November;Sunday;Tourgéville;49.3167;0.0667;Nov 2019;Hard
2019-12-21 10:16:52;Deauville Running;8.01;396.0;00:55:04;155;173;182.0;188.0;6.883333333333333;5.95;0.8;55.06666666666667;55.06666666666667;8.716707021791768;10.084033613445378;2019;12;5;December;Saturday;Paris;48.8534;2.3488;Dec 2019;Hard
2019-12-26 09:48:58;Paris Running;4.38;218.0;00:29:48;158;172;182.0;190.0;6.8;5.933333333333334;0.8;29.8;29.8;8.823529411764707;10.112359550561797;2019;12;3;December;Thursday;Paris;48.8534;2.3488;Dec 2019;Hard
2019-12-29 09:30:28;Paris Running;8.13;401.0;00:56:26;157;174;184.0;192.0;6.933333333333334;4.983333333333333;0.78;56.43333333333333;56.43333333333333;8.653846153846153;12.040133779264213;2019;12;6;December;Sunday;Paris;48.8534;2.3488;Dec 2019;Hard
2020-01-04 09:05:35;Paris Running;7.25;358.0;00:51:27;161;171;186.0;226.0;7.1;5.166666666666667;0.76;51.45;51.45;8.450704225352114;11.61290322580645;2020;1;5;January;Saturday;Paris;48.8534;2.3488;Jan 2020;Hard
2020-01-05 09:11:02;Paris Running;7.01;323.0;00:45:09;155;172;186.0;192.0;6.433333333333334;5.216666666666667;0.83;45.15;45.15;9.32642487046632;11.501597444089457;2020;1;6;January;Sunday;Paris;48.8534;2.3488;Jan 2020;Hard
2020-01-08 19:07:15;Paris Running;8.54;395.0;00:55:11;156;175;186.0;210.0;6.466666666666667;5.25;0.83;55.18333333333333;55.18333333333333;9.278350515463917;11.428571428571429;2020;1;2;January;Wednesday;Paris;48.8534;2.3488;Jan 2020;Hard
2020-01-12 12:17:49;Paris Running;9.55;442.0;00:59:12;162;182;192.0;198.0;6.2;4.45;0.84;59.2;59.2;9.67741935483871;13.48314606741573;2020;1;6;January;Sunday;Paris;48.8534;2.3488;Jan 2020;Hard
2020-01-20 19:05:22;Paris Running;9.81;461.0;01:00:50;163;189;184.0;202.0;6.2;5.3;0.88;60.833333333333336;60.833333333333336;9.67741935483871;11.320754716981133;2020;1;0;January;Monday;Paris;48.8534;2.3488;Jan 2020;Hard
2020-01-21 19:25:56;Paris Running;5.59;258.0;00:35:40;156;167;186.0;194.0;6.383333333333334;5.5;0.84;35.666666666666664;35.666666666666664;9.39947780678851;10.909090909090908;2020;1;1;January;Tuesday;Paris;48.8534;2.3488;Jan 2020;Hard
2020-01-25 10:42:25;Deauville Running;8.1;390.0;00:55:51;161;172;188.0;198.0;6.9;5.683333333333334;0.77;55.85;55.85;8.695652173913043;10.557184750733137;2020;1;5;January;Saturday;Paris;48.8534;2.3488;Jan 2020;Hard
2020-01-26 10:41:06;Deauville Running;13.18;580.0;01:30:03;153;168;188.0;196.0;6.833333333333333;5.433333333333334;0.78;90.05;90.05;8.78048780487805;11.042944785276074;2020;1;6;January;Sunday;Paris;48.8534;2.3488;Jan 2020;Hard
2020-01-30 19:23:55;Paris Running;8.74;414.0;00:59:36;157;180;184.0;198.0;6.816666666666666;4.716666666666667;0.8;59.85;59.6;8.80195599022005;12.720848056537102;2020;1;3;January;Thursday;Paris;48.8534;2.3488;Jan 2020;Hard
2020-02-02 10:26:57;Paris Running;14.15;670.0;01:38:37;156;172;182.0;200.0;6.966666666666667;5.733333333333333;0.79;98.68333333333334;98.61666666666666;8.61244019138756;10.465116279069766;2020;2;6;February;Sunday;Paris;48.8534;2.3488;Feb 2020;Hard
2020-02-03 19:10:38;Paris Running;9.91;441.0;01:02:01;159;184;184.0;210.0;6.25;3.5833333333333335;0.87;62.46666666666667;62.016666666666666;9.6;16.744186046511626;2020;2;0;February;Monday;Paris;48.8534;2.3488;Feb 2020;Hard
2020-02-05 19:16:33;Paris Running;8.32;356.0;00:48:57;157;171;188.0;210.0;5.883333333333333;1.1;0.9;49.86666666666667;48.95;10.19830028328612;54.54545454545454;2020;2;2;February;Wednesday;Paris;48.8534;2.3488;Feb 2020;Hard
2020-02-09 09:51:58;Paris Running;15.17;727.0;01:46:06;161;176;184.0;220.0;6.983333333333333;5.566666666666666;0.77;106.1;106.1;8.591885441527447;10.778443113772456;2020;2;6;February;Sunday;Paris;48.8534;2.3488;Feb 2020;Hard
2020-02-14 19:22:58;Paris Running;5.24;245.0;00:32:24;162;177;188.0;194.0;6.183333333333334;4.516666666666667;0.86;32.4;32.4;9.703504043126685;13.284132841328413;2020;2;4;February;Friday;Paris;48.8534;2.3488;Feb 2020;Hard
2020-02-16 10:03:00;Paris Running;15.13;686.0;01:37:00;160;177;188.0;228.0;6.416666666666667;5.0;0.83;97.0;97.0;9.35064935064935;12.0;2020;2;6;February;Sunday;Paris;48.8534;2.3488;Feb 2020;Hard
2020-02-18 19:11:11;Paris Running;9.32;381.0;00:53:21;157;170;184.0;194.0;5.733333333333333;4.75;0.95;53.35;53.35;10.465116279069766;12.631578947368421;2020;2;1;February;Tuesday;Paris;48.8534;2.3488;Feb 2020;Hard
2020-02-22 10:04:19;Deauville Running;10.3;471.0;00:58:58;167;184;190.0;200.0;5.733333333333333;4.516666666666667;0.92;58.96666666666667;58.96666666666667;10.465116279069766;13.284132841328413;2020;2;5;February;Saturday;Paris;48.8534;2.3488;Feb 2020;Hard
2020-02-23 10:37:59;Deauville Running;15.4;745.0;01:48:35;157;178;190.0;198.0;7.05;5.933333333333334;0.75;108.58333333333333;108.58333333333333;8.51063829787234;10.112359550561797;2020;2;6;February;Sunday;Paris;48.8534;2.3488;Feb 2020;Hard
2020-02-25 19:12:20;Paris Running;6.11;267.0;00:36:06;156;169;184.0;200.0;5.916666666666667;3.6;0.92;36.1;36.1;10.140845070422534;16.666666666666668;2020;2;1;February;Tuesday;Paris;48.8534;2.3488;Feb 2020;Hard
2020-02-27 18:59:45;Paris Running;10.02;419.0;00:55:41;158;172;182.0;194.0;5.55;4.016666666666667;0.99;56.36666666666667;55.68333333333333;10.81081081081081;14.937759336099585;2020;2;3;February;Thursday;Paris;48.8534;2.3488;Feb 2020;Hard
2020-03-01 09:05:31;Paris Running;19.06;860.0;02:01:46;159;178;186.0;216.0;6.383333333333334;3.8166666666666664;0.84;121.76666666666667;121.76666666666667;9.39947780678851;15.72052401746725;2020;3;6;March;Sunday;Paris;48.8534;2.3488;Mar 2020;Hard
2020-03-03 19:03:12;Paris Running;9.99;443.0;01:01:34;154;176;186.0;212.0;6.166666666666667;3.6333333333333333;0.87;61.85;61.56666666666667;9.72972972972973;16.513761467889907;2020;3;1;March;Tuesday;Paris;48.8534;2.3488;Mar 2020;Hard
2020-03-06 18:57:17;Paris Running;8.84;377.0;00:48:54;162;187;186.0;210.0;5.533333333333333;4.683333333333334;0.97;49.45;48.9;10.843373493975903;12.811387900355871;2020;3;4;March;Friday;Paris;48.8534;2.3488;Mar 2020;Hard
2020-03-08 09:04:31;Paris Running;17.77;814.0;01:53:01;157;180;190.0;198.0;6.366666666666666;5.166666666666667;0.82;114.71666666666667;113.01666666666667;9.424083769633508;11.61290322580645;2020;3;6;March;Sunday;Paris;48.8534;2.3488;Mar 2020;Hard
2020-03-22 08:19:59;Deauville Running;3.38;178.0;00:23:33;155;166;192.0;198.0;6.966666666666667;6.0;0.74;23.55;23.55;8.61244019138756;10.0;2020;3;6;March;Sunday;Paris;48.8534;2.3488;Mar 2020;Hard
2020-03-24 18:20:04;Deauville Running;6.34;325.0;00:41:29;164;192;186.0;210.0;6.55;3.3833333333333333;0.82;41.483333333333334;41.483333333333334;9.160305343511451;17.733990147783253;2020;3;1;March;Tuesday;Paris;48.8534;2.3488;Mar 2020;Hard
2020-03-25 18:16:06;Deauville Running;10.02;504.0;01:01:05;167;182;192.0;196.0;6.1;5.333333333333333;0.86;61.083333333333336;61.083333333333336;9.836065573770492;11.25;2020;3;2;March;Wednesday;Paris;48.8534;2.3488;Mar 2020;Hard
2020-03-27 08:50:07;Deauville Running;10.08;503.0;01:00:14;169;189;192.0;198.0;5.966666666666667;5.233333333333333;0.88;60.233333333333334;60.233333333333334;10.05586592178771;11.464968152866241;2020;3;4;March;Friday;Paris;48.8534;2.3488;Mar 2020;Hard
2020-03-30 18:09:04;Deauville Running;9.62;474.0;01:01:32;162;177;192.0;200.0;6.4;4.9;0.82;61.53333333333333;61.53333333333333;9.375;12.244897959183673;2020;3;0;March;Monday;Paris;48.8534;2.3488;Mar 2020;Hard
2020-03-31 18:34:09;Deauville Running;10.03;458.0;01:02:00;162;181;190.0;202.0;6.183333333333334;4.033333333333333;0.85;62.0;62.0;9.703504043126685;14.87603305785124;2020;3;1;March;Tuesday;Paris;48.8534;2.3488;Mar 2020;Hard
2020-04-04 09:08:26;Deauville Running;10.4;531.0;01:04:53;170;179;186.0;190.0;6.233333333333333;5.5;0.87;64.88333333333334;64.88333333333334;9.62566844919786;10.909090909090908;2020;4;5;April;Saturday;Paris;48.8534;2.3488;Apr 2020;Hard
2020-04-05 09:21:17;Deauville Running;10.87;534.0;01:11:30;162;176;188.0;194.0;6.583333333333333;5.833333333333333;0.81;71.5;71.5;9.113924050632912;10.285714285714286;2020;4;6;April;Sunday;Paris;48.8534;2.3488;Apr 2020;Hard
2020-04-10 19:14:05;Deauville Running;8.75;459.0;00:55:33;174;185;186.0;192.0;6.35;5.65;0.84;55.55;55.55;9.448818897637796;10.619469026548671;2020;4;4;April;Friday;Paris;48.8534;2.3488;Apr 2020;Very Hard
2020-04-11 09:20:39;Deauville Running;9.05;461.0;00:58:09;172;180;190.0;200.0;6.433333333333334;5.75;0.82;58.15;58.15;9.32642487046632;10.434782608695652;2020;4;5;April;Saturday;Paris;48.8534;2.3488;Apr 2020;Very Hard
2020-04-12 10:02:29;Deauville Running;7.57;373.0;00:49:56;166;176;186.0;194.0;6.6;6.016666666666667;0.81;49.93333333333333;49.93333333333333;9.090909090909092;9.97229916897507;2020;4;6;April;Sunday;Paris;48.8534;2.3488;Apr 2020;Hard
2020-04-15 19:01:38;Deauville Running;10.6;481.0;01:06:07;167;191;188.0;200.0;6.233333333333333;3.25;0.85;66.11666666666666;66.11666666666666;9.62566844919786;18.46153846153846;2020;4;2;April;Wednesday;Paris;48.8534;2.3488;Apr 2020;Hard
2020-04-16 18:50:24;Deauville Running;10.09;467.0;01:03:33;163;172;188.0;196.0;6.3;5.733333333333333;0.84;63.55;63.55;9.523809523809524;10.465116279069766;2020;4;3;April;Thursday;Paris;48.8534;2.3488;Apr 2020;Hard
2020-04-18 09:40:48;Deauville Running;10.31;481.0;01:03:07;168;184;190.0;196.0;6.116666666666666;5.216666666666667;0.86;63.13333333333333;63.11666666666667;9.809264305177113;11.501597444089457;2020;4;5;April;Saturday;Paris;48.8534;2.3488;Apr 2020;Hard
2020-04-19 19:12:09;Deauville Running;12.07;553.0;01:16:40;161;171;192.0;198.0;6.35;5.45;0.82;76.66666666666667;76.66666666666667;9.448818897637796;11.009174311926605;2020;4;6;April;Sunday;Paris;48.8534;2.3488;Apr 2020;Hard
2020-04-22 19:58:57;Deauville Running;10.39;484.0;00:59:02;177;185;186.0;192.0;5.683333333333334;5.166666666666667;0.95;59.03333333333333;59.03333333333333;10.557184750733137;11.61290322580645;2020;4;2;April;Wednesday;Paris;48.8534;2.3488;Apr 2020;Very Hard
2020-04-23 19:36:14;Deauville Running;11.03;507.0;01:08:08;166;183;188.0;196.0;6.183333333333334;3.8166666666666664;0.86;68.13333333333334;68.13333333333334;9.703504043126685;15.72052401746725;2020;4;3;April;Thursday;Paris;48.8534;2.3488;Apr 2020;Hard
2020-04-25 10:07:45;Deauville Running;10.39;481.0;01:06:09;161;174;188.0;196.0;6.366666666666666;5.5;0.83;66.36666666666666;66.15;9.424083769633508;10.909090909090908;2020;4;5;April;Saturday;Paris;48.8534;2.3488;Apr 2020;Hard
2020-04-27 18:29:53;Deauville Running;3.86;170.0;00:23:31;157;167;196.0;200.0;6.1;5.633333333333333;0.84;23.516666666666666;23.516666666666666;9.836065573770492;10.650887573964498;2020;4;0;April;Monday;Paris;48.8534;2.3488;Apr 2020;Hard
2020-04-29 18:28:29;Deauville Running;11.4;524.0;01:08:05;167;185;196.0;202.0;5.966666666666667;5.183333333333334;0.85;68.08333333333333;68.08333333333333;10.05586592178771;11.57556270096463;2020;4;2;April;Wednesday;Paris;48.8534;2.3488;Apr 2020;Hard
2020-05-01 10:16:28;Deauville Running;12.25;603.0;01:21:36;164;175;192.0;198.0;6.666666666666667;5.933333333333334;0.78;81.6;81.6;9.0;10.112359550561797;2020;5;4;May;Friday;Paris;48.8534;2.3488;May 2020;Hard
2020-05-02 09:35:44;Deauville Running;13.08;628.0;01:21:59;169;189;188.0;196.0;6.266666666666667;5.316666666666666;0.84;81.98333333333333;81.98333333333333;9.574468085106384;11.285266457680251;2020;5;5;May;Saturday;Paris;48.8534;2.3488;May 2020;Hard
2020-05-06 19:03:29;Deauville Running;11.12;533.0;01:09:37;169;186;188.0;198.0;6.266666666666667;5.616666666666667;0.85;69.61666666666666;69.61666666666666;9.574468085106384;10.682492581602373;2020;5;2;May;Wednesday;Paris;48.8534;2.3488;May 2020;Hard
2020-05-08 09:16:50;Deauville Running;12.23;594.0;01:18:53;168;184;186.0;194.0;6.45;5.55;0.83;78.88333333333334;78.88333333333334;9.30232558139535;10.81081081081081;2020;5;4;May;Friday;Paris;48.8534;2.3488;May 2020;Hard
2020-05-09 18:40:07;Deauville Running;12.05;549.0;01:11:59;171;188;186.0;194.0;5.983333333333333;4.866666666666667;0.9;71.98333333333333;71.98333333333333;10.027855153203342;12.32876712328767;2020;5;5;May;Saturday;Paris;48.8534;2.3488;May 2020;Very Hard
2020-05-10 18:12:12;Deauville Running;12.1;542.0;01:21:03;154;165;190.0;196.0;6.7;5.75;0.79;81.05;81.05;8.955223880597014;10.434782608695652;2020;5;6;May;Sunday;Paris;48.8534;2.3488;May 2020;Hard
2020-05-15 15:02:27;Deauville Running;8.44;387.0;00:51:07;169;185;190.0;200.0;6.066666666666666;4.95;0.87;51.11666666666667;51.11666666666667;9.89010989010989;12.121212121212121;2020;5;4;May;Friday;Paris;48.8534;2.3488;May 2020;Hard
2020-05-19 18:38:34;Deauville Running;13.01;636.0;01:21:56;172;183;192.0;200.0;6.3;5.75;0.83;81.98333333333333;81.93333333333334;9.523809523809524;10.434782608695652;2020;5;1;May;Tuesday;Paris;48.8534;2.3488;May 2020;Very Hard
2020-05-21 19:20:02;Deauville Running;12.0;640.0;01:22:42;175;190;188.0;196.0;6.883333333333333;4.95;0.78;82.8;82.7;8.716707021791768;12.121212121212121;2020;5;3;May;Thursday;Paris;48.8534;2.3488;May 2020;Very Hard
2020-05-24 11:02:30;Deauville Running;15.35;765.0;01:43:11;171;183;188.0;200.0;6.716666666666667;5.283333333333333;0.79;103.18333333333334;103.18333333333334;8.933002481389577;11.35646687697161;2020;5;6;May;Sunday;Paris;48.8534;2.3488;May 2020;Very Hard
2020-05-27 19:15:22;Deauville Running;10.02;474.0;01:00:44;176;191;186.0;196.0;6.066666666666666;5.166666666666667;0.88;60.733333333333334;60.733333333333334;9.89010989010989;11.61290322580645;2020;5;2;May;Wednesday;Paris;48.8534;2.3488;May 2020;Very Hard
2020-05-30 19:14:29;Deauville Running;14.28;720.0;01:33:58;175;188;184.0;192.0;6.583333333333333;4.983333333333333;0.82;93.96666666666667;93.96666666666667;9.113924050632912;12.040133779264213;2020;5;5;May;Saturday;Paris;48.8534;2.3488;May 2020;Very Hard
2020-05-31 10:13:58;Deauville Running;17.2;831.0;02:03:44;165;183;186.0;200.0;7.2;6.166666666666667;0.74;123.81666666666666;123.73333333333333;8.333333333333334;9.72972972972973;2020;5;6;May;Sunday;Paris;48.8534;2.3488;May 2020;Hard
2020-06-03 20:33:56;Paris Running;8.77;410.0;00:56:10;167;175;180.0;186.0;6.4;5.533333333333333;0.87;56.266666666666666;56.166666666666664;9.375;10.843373493975903;2020;6;2;June;Wednesday;Paris;48.8534;2.3488;Jun 2020;Hard
2020-06-05 12:16:44;Paris Running;8.38;390.0;00:52:42;171;186;184.0;188.0;6.283333333333333;4.983333333333333;0.87;52.7;52.7;9.549071618037136;12.040133779264213;2020;6;4;June;Friday;Paris;48.8534;2.3488;Jun 2020;Very Hard
2020-06-07 09:49:34;Paris Running;20.3;890.0;02:10:42;160;175;186.0;206.0;6.433333333333334;5.316666666666666;0.83;130.7;130.7;9.32642487046632;11.285266457680251;2020;6;6;June;Sunday;Paris;48.8534;2.3488;Jun 2020;Hard
2020-06-14 10:40:34;Paris Running;12.15;570.0;01:15:47;171;187;184.0;194.0;6.233333333333333;4.683333333333334;0.87;76.2;75.78333333333333;9.62566844919786;12.811387900355871;2020;6;6;June;Sunday;Paris;48.8534;2.3488;Jun 2020;Very Hard
2020-06-16 08:03:10;Grimaud Running;10.06;480.0;01:09:23;160;183;184.0;196.0;6.9;4.9;0.79;71.5;69.38333333333334;8.695652173913043;12.244897959183673;2020;6;1;June;Tuesday;Grimaud;43.2667;6.5167;Jun 2020;Hard
2020-06-17 08:04:43;Grimaud Running;10.76;530.0;01:09:58;170;187;182.0;194.0;6.5;5.233333333333333;0.84;70.66666666666667;69.96666666666667;9.23076923076923;11.464968152866241;2020;6;2;June;Wednesday;Grimaud;43.2667;6.5167;Jun 2020;Hard
2020-06-18 08:06:09;Grimaud Running;11.02;533.0;01:14:10;162;193;186.0;196.0;6.733333333333333;5.283333333333333;0.8;74.16666666666667;74.16666666666667;8.910891089108912;11.35646687697161;2020;6;3;June;Thursday;Grimaud;43.2667;6.5167;Jun 2020;Hard
2020-06-21 08:02:29;Grimaud Running;13.06;582.0;01:38:24;143;168;184.0;192.0;7.533333333333333;6.216666666666667;0.72;98.4;98.4;7.964601769911504;9.651474530831099;2020;6;6;June;Sunday;Grimaud;43.2667;6.5167;Jun 2020;Moderate
2020-06-22 08:06:22;Grimaud Running;8.88;391.0;00:59:56;148;168;190.0;200.0;6.75;5.75;0.78;59.93333333333333;59.93333333333333;8.88888888888889;10.434782608695652;2020;6;0;June;Monday;Grimaud;43.2667;6.5167;Jun 2020;Moderate
2020-10-04 08:57:34;Paris Running;7.78;412.0;00:57:02;166;177;184.0;192.0;7.333333333333333;5.3;0.74;57.15;57.03333333333333;8.181818181818182;11.320754716981133;2020;10;6;October;Sunday;Paris;48.8534;2.3488;Oct 2020;Hard
2020-11-04 12:35:34;Paris Running;7.81;448.0;00:57:40;169;191;184.0;198.0;7.383333333333334;4.85;0.73;57.666666666666664;57.666666666666664;8.126410835214447;12.371134020618557;2020;11;2;November;Wednesday;Paris;48.8534;2.3488;Nov 2020;Hard
2020-11-05 12:17:59;Paris Running;2.51;120.0;00:16:18;163;181;188.0;194.0;6.5;5.733333333333333;0.82;16.3;16.3;9.23076923076923;10.465116279069766;2020;11;3;November;Thursday;Paris;48.8534;2.3488;Nov 2020;Hard
2020-11-07 10:08:00;Paris Running;5.95;309.0;00:40:51;171;187;186.0;190.0;6.866666666666667;6.166666666666667;0.79;42.666666666666664;40.85;8.737864077669903;9.72972972972973;2020;11;5;November;Saturday;Paris;48.8534;2.3488;Nov 2020;Very Hard
2020-11-10 12:42:58;Paris Running;3.57;195.0;00:24:50;178;187;184.0;190.0;6.95;5.916666666666667;0.78;24.833333333333332;24.833333333333332;8.633093525179856;10.140845070422534;2020;11;1;November;Tuesday;Paris;48.8534;2.3488;Nov 2020;Very Hard
2020-11-12 17:32:05;Paris Running;7.75;377.0;00:53:14;169;180;186.0;194.0;6.866666666666667;5.266666666666667;0.78;53.233333333333334;53.233333333333334;8.737864077669903;11.39240506329114;2020;11;3;November;Thursday;Paris;48.8534;2.3488;Nov 2020;Hard
2020-11-14 08:51:36;Paris Running;6.89;340.0;00:46:05;169;180;186.0;192.0;6.683333333333334;5.083333333333333;0.8;46.083333333333336;46.083333333333336;8.977556109725686;11.80327868852459;2020;11;5;November;Saturday;Paris;48.8534;2.3488;Nov 2020;Hard
2020-11-18 18:06:54;Paris Running;6.47;333.0;00:43:33;177;186;188.0;196.0;6.733333333333333;5.75;0.8;43.55;43.55;8.910891089108912;10.434782608695652;2020;11;2;November;Wednesday;Paris;48.8534;2.3488;Nov 2020;Very Hard
2020-11-25 18:20:00;Paris Running;7.33;333.0;00:50:10;163;171;188.0;196.0;6.85;5.35;0.77;50.166666666666664;50.166666666666664;8.75912408759124;11.214953271028039;2020;11;2;November;Wednesday;Paris;48.8534;2.3488;Nov 2020;Hard
2020-11-28 08:13:04;Paris Running;9.1;410.0;00:59:44;162;178;190.0;198.0;6.566666666666666;5.133333333333334;0.81;59.733333333333334;59.733333333333334;9.137055837563452;11.688311688311687;2020;11;5;November;Saturday;Paris;48.8534;2.3488;Nov 2020;Hard
2020-11-29 14:25:04;Paris Running;9.83;456.0;01:05:06;164;176;190.0;214.0;6.616666666666667;5.2;0.79;65.1;65.1;9.06801007556675;11.538461538461538;2020;11;6;November;Sunday;Paris;48.8534;2.3488;Nov 2020;Hard
2020-12-04 13:14:59;Paris Running;3.67;168.0;00:23:19;168;180;188.0;204.0;6.35;5.7;0.84;23.316666666666666;23.316666666666666;9.448818897637796;10.526315789473683;2020;12;4;December;Friday;Paris;48.8534;2.3488;Dec 2020;Hard
2020-12-05 08:58:25;Paris Running;4.29;190.0;00:27:32;157;166;196.0;202.0;6.416666666666667;5.9;0.8;27.533333333333335;27.533333333333335;9.35064935064935;10.169491525423728;2020;12;5;December;Saturday;Paris;48.8534;2.3488;Dec 2020;Hard
2020-12-09 17:32:34;Paris Running;9.06;398.0;00:57:40;162;183;194.0;210.0;6.366666666666666;5.183333333333334;0.81;58.63333333333333;57.666666666666664;9.424083769633508;11.57556270096463;2020;12;2;December;Wednesday;Paris;48.8534;2.3488;Dec 2020;Hard
2020-12-10 17:36:28;Paris Running;8.27;387.0;00:55:31;164;180;194.0;200.0;6.716666666666667;5.516666666666667;0.77;55.516666666666666;55.516666666666666;8.933002481389577;10.876132930513595;2020;12;3;December;Thursday;Paris;48.8534;2.3488;Dec 2020;Hard
2020-12-15 18:03:35;Paris Running;8.61;393.0;00:56:04;164;173;194.0;202.0;6.516666666666667;5.516666666666667;0.79;56.06666666666667;56.06666666666667;9.207161125319693;10.876132930513595;2020;12;1;December;Tuesday;Paris;48.8534;2.3488;Dec 2020;Hard
2020-12-16 12:53:59;Paris Running;4.94;237.0;00:32:25;170;184;188.0;194.0;6.566666666666666;5.866666666666667;0.81;33.03333333333333;32.416666666666664;9.137055837563452;10.227272727272727;2020;12;2;December;Wednesday;Paris;48.8534;2.3488;Dec 2020;Hard
2020-12-18 18:10:58;Paris Running;3.79;179.0;00:25:05;168;179;192.0;204.0;6.616666666666667;4.483333333333333;0.78;25.316666666666666;25.083333333333332;9.06801007556675;13.382899628252789;2020;12;4;December;Friday;Paris;48.8534;2.3488;Dec 2020;Hard
2020-12-19 08:56:22;Paris Running;7.83;344.0;00:50:30;159;177;192.0;202.0;6.45;4.383333333333334;0.8;50.5;50.5;9.30232558139535;13.688212927756652;2020;12;5;December;Saturday;Paris;48.8534;2.3488;Dec 2020;Hard
2020-12-22 17:33:55;Paris Running;9.21;427.0;01:00:07;165;183;192.0;202.0;6.533333333333333;5.533333333333333;0.79;60.233333333333334;60.11666666666667;9.183673469387756;10.843373493975903;2020;12;1;December;Tuesday;Paris;48.8534;2.3488;Dec 2020;Hard
2020-12-24 10:19:34;Deauville Running;8.9;381.0;01:00:39;158;171;190.0;198.0;6.816666666666666;5.616666666666667;0.77;61.5;60.65;8.80195599022005;10.682492581602373;2020;12;3;December;Thursday;Paris;48.8534;2.3488;Dec 2020;Hard
2021-01-02 09:36:39;Paris Running;6.75;313.0;00:45:40;160;171;190.0;198.0;6.766666666666667;6.25;0.78;45.666666666666664;45.666666666666664;8.866995073891626;9.6;2021;1;5;January;Saturday;Paris;48.8534;2.3488;Jan 2021;Hard
2021-01-05 12:36:42;Paris Running;4.71;225.0;00:29:38;174;182;186.0;192.0;6.283333333333333;5.3;0.86;29.633333333333333;29.633333333333333;9.549071618037136;11.320754716981133;2021;1;1;January;Tuesday;Paris;48.8534;2.3488;Jan 2021;Very Hard
2021-01-06 12:30:52;Paris Running;8.09;347.0;00:48:16;166;182;194.0;232.0;5.966666666666667;4.816666666666666;0.86;48.75;48.266666666666666;10.05586592178771;12.456747404844291;2021;1;2;January;Wednesday;Paris;48.8534;2.3488;Jan 2021;Hard
2021-01-09 09:05:20;Paris Running;9.16;419.0;01:00:06;160;175;192.0;210.0;6.566666666666666;4.783333333333333;0.79;60.1;60.1;9.137055837563452;12.543554006968641;2021;1;5;January;Saturday;Paris;48.8534;2.3488;Jan 2021;Hard
2021-01-27 12:31:33;Paris Running;5.54;266.0;00:37:13;167;177;184.0;192.0;6.716666666666667;5.333333333333333;0.81;38.016666666666666;37.21666666666667;8.933002481389577;11.25;2021;1;2;January;Wednesday;Paris;48.8534;2.3488;Jan 2021;Hard
2021-01-29 12:15:19;Paris Running;8.27;392.0;00:53:48;169;181;188.0;204.0;6.5;5.483333333333333;0.81;54.666666666666664;53.8;9.23076923076923;10.94224924012158;2021;1;4;January;Friday;Paris;48.8534;2.3488;Jan 2021;Hard
2021-01-30 09:09:13;Paris Running;8.88;459.0;01:01:34;173;184;188.0;196.0;6.933333333333334;5.633333333333333;0.77;61.56666666666667;61.56666666666667;8.653846153846153;10.650887573964498;2021;1;5;January;Saturday;Paris;48.8534;2.3488;Jan 2021;Very Hard
2021-02-04 12:10:33;Deauville Running;6.08;277.0;00:39:14;164;176;190.0;200.0;6.45;5.933333333333334;0.81;39.233333333333334;39.233333333333334;9.30232558139535;10.112359550561797;2021;2;3;February;Thursday;Paris;48.8534;2.3488;Feb 2021;Hard
2021-02-05 12:25:35;Deauville Running;6.97;320.0;00:45:01;164;173;192.0;198.0;6.45;5.7;0.8;45.43333333333333;45.016666666666666;9.30232558139535;10.526315789473683;2021;2;4;February;Friday;Paris;48.8534;2.3488;Feb 2021;Hard
2021-02-07 11:16:36;Deauville Running;7.49;344.0;00:54:07;157;172;190.0;198.0;7.216666666666667;4.566666666666666;0.73;54.11666666666667;54.11666666666667;8.314087759815243;13.138686131386862;2021;2;6;February;Sunday;Paris;48.8534;2.3488;Feb 2021;Hard
2021-02-25 08:46:29;Paris Running;3.73;185.0;00:24:07;175;181;188.0;196.0;6.466666666666667;5.8;0.82;24.116666666666667;24.116666666666667;9.278350515463917;10.344827586206897;2021;2;3;February;Thursday;Paris;48.8534;2.3488;Feb 2021;Very Hard
2021-02-27 08:59:44;Deauville Running;8.97;397.0;00:56:34;164;181;190.0;196.0;6.3;5.683333333333334;0.84;56.833333333333336;56.56666666666667;9.523809523809524;10.557184750733137;2021;2;5;February;Saturday;Paris;48.8534;2.3488;Feb 2021;Hard
2021-02-27 09:57:37;Benerville-sur-Mer Running;2.61;122.0;00:17:04;165;174;188.0;194.0;6.533333333333333;5.8;0.81;17.066666666666666;17.066666666666666;9.183673469387756;10.344827586206897;2021;2;5;February;Saturday;Benerville-sur-Mer;49.35;0.0333;Feb 2021;Hard
2021-02-28 09:21:16;Deauville Running;15.32;679.0;01:43:45;159;177;188.0;200.0;6.766666666666667;3.5833333333333335;0.79;103.98333333333333;103.75;8.866995073891626;16.744186046511626;2021;2;6;February;Sunday;Paris;48.8534;2.3488;Feb 2021;Hard
2021-03-03 11:59:05;Deauville Running;7.07;335.0;00:45:33;168;190;190.0;196.0;6.45;5.583333333333333;0.81;46.63333333333333;45.55;9.30232558139535;10.746268656716419;2021;3;2;March;Wednesday;Paris;48.8534;2.3488;Mar 2021;Hard
2021-03-05 08:29:29;Paris Running;7.38;344.0;00:47:01;169;184;192.0;208.0;6.383333333333334;4.7;0.81;47.266666666666666;47.016666666666666;9.39947780678851;12.76595744680851;2021;3;4;March;Friday;Paris;48.8534;2.3488;Mar 2021;Hard
2021-03-06 08:53:25;Paris Running;9.88;440.0;01:03:32;161;173;194.0;208.0;6.433333333333334;5.733333333333333;0.8;63.65;63.53333333333333;9.32642487046632;10.465116279069766;2021;3;5;March;Saturday;Paris;48.8534;2.3488;Mar 2021;Hard
2021-03-10 13:16:34;Paris Running;4.75;226.0;00:29:34;176;184;192.0;200.0;6.233333333333333;5.366666666666666;0.84;29.883333333333333;29.566666666666666;9.62566844919786;11.180124223602485;2021;3;2;March;Wednesday;Paris;48.8534;2.3488;Mar 2021;Very Hard
2021-03-11 12:08:40;Paris Running;8.77;412.0;00:56:10;171;182;188.0;198.0;6.4;5.366666666666666;0.83;56.53333333333333;56.166666666666664;9.375;11.180124223602485;2021;3;3;March;Thursday;Paris;48.8534;2.3488;Mar 2021;Very Hard
2021-03-13 09:35:13;Paris Running;10.09;450.0;01:01:36;169;201;190.0;208.0;6.1;5.0;0.86;61.78333333333333;61.6;9.836065573770492;12.0;2021;3;5;March;Saturday;Paris;48.8534;2.3488;Mar 2021;Hard
2021-03-20 09:56:16;Paris Running;6.79;311.0;00:49:37;153;172;188.0;196.0;7.3;6.183333333333334;0.73;49.61666666666667;49.61666666666667;8.219178082191782;9.703504043126685;2021;3;5;March;Saturday;Paris;48.8534;2.3488;Mar 2021;Hard
2021-03-24 12:54:07;Paris Running;5.55;273.0;00:34:12;181;188;184.0;190.0;6.166666666666667;5.333333333333333;0.88;34.233333333333334;34.2;9.72972972972973;11.25;2021;3;2;March;Wednesday;Paris;48.8534;2.3488;Mar 2021;Very Hard
2021-03-25 12:28:40;Paris Running;6.63;303.0;00:39:55;175;185;184.0;204.0;6.016666666666667;4.716666666666667;0.9;40.21666666666667;39.916666666666664;9.97229916897507;12.720848056537102;2021;3;3;March;Thursday;Paris;48.8534;2.3488;Mar 2021;Very Hard
2021-03-27 08:28:20;Paris Running;13.7;588.0;01:26:35;162;176;188.0;218.0;6.316666666666666;5.15;0.84;86.58333333333333;86.58333333333333;9.49868073878628;11.650485436893202;2021;3;5;March;Saturday;Paris;48.8534;2.3488;Mar 2021;Hard
2021-03-30 12:59:23;Paris Running;5.52;263.0;00:35:33;174;181;184.0;192.0;6.45;5.233333333333333;0.84;35.55;35.55;9.30232558139535;11.464968152866241;2021;3;1;March;Tuesday;Paris;48.8534;2.3488;Mar 2021;Very Hard
2021-03-31 07:55:13;Paris Running;4.98;224.0;00:34:23;152;165;190.0;198.0;6.9;6.25;0.76;34.38333333333333;34.38333333333333;8.695652173913043;9.6;2021;3;2;March;Wednesday;Paris;48.8534;2.3488;Mar 2021;Hard
2021-04-03 08:54:52;Deauville Running;13.28;584.0;01:30:43;159;181;186.0;194.0;6.833333333333333;4.75;0.79;91.2;90.71666666666667;8.78048780487805;12.631578947368421;2021;4;5;April;Saturday;Paris;48.8534;2.3488;Apr 2021;Hard
2021-04-05 10:24:55;Deauville Running;9.51;428.0;01:02:02;161;174;188.0;196.0;6.533333333333333;5.916666666666667;0.82;62.21666666666667;62.03333333333333;9.183673469387756;10.140845070422534;2021;4;0;April;Monday;Paris;48.8534;2.3488;Apr 2021;Hard
2021-04-11 10:33:06;Paris Running;11.88;534.0;01:16:49;163;180;188.0;198.0;6.466666666666667;4.95;0.82;77.16666666666667;76.81666666666666;9.278350515463917;12.121212121212121;2021;4;6;April;Sunday;Paris;48.8534;2.3488;Apr 2021;Hard
2021-04-14 08:37:22;Paris Running;6.83;301.0;00:41:39;166;183;192.0;198.0;6.1;4.983333333333333;0.86;41.65;41.65;9.836065573770492;12.040133779264213;2021;4;2;April;Wednesday;Paris;48.8534;2.3488;Apr 2021;Hard
2021-04-15 08:13:00;Paris Running;6.86;310.0;00:46:36;156;166;192.0;200.0;6.783333333333333;5.866666666666667;0.77;46.88333333333333;46.6;8.845208845208845;10.227272727272727;2021;4;3;April;Thursday;Paris;48.8534;2.3488;Apr 2021;Hard
2021-04-17 08:54:12;Paris Running;8.98;404.0;00:59:35;159;175;192.0;208.0;6.633333333333333;5.05;0.78;59.583333333333336;59.583333333333336;9.045226130653267;11.881188118811881;2021;4;5;April;Saturday;Paris;48.8534;2.3488;Apr 2021;Hard
2021-05-15 09:39:23;Paris Running;4.14;220.0;00:28:06;178;188;186.0;194.0;6.783333333333333;6.016666666666667;0.79;28.1;28.1;8.845208845208845;9.97229916897507;2021;5;5;May;Saturday;Paris;48.8534;2.3488;May 2021;Very Hard
2021-05-20 12:45:04;Paris Running;5.47;266.0;00:35:07;176;182;186.0;192.0;6.416666666666667;5.633333333333333;0.84;35.31666666666667;35.11666666666667;9.35064935064935;10.650887573964498;2021;5;3;May;Thursday;Paris;48.8534;2.3488;May 2021;Very Hard
2021-05-22 09:19:38;Paris Running;7.7;371.0;00:50:05;175;184;188.0;222.0;6.5;5.966666666666667;0.81;50.083333333333336;50.083333333333336;9.23076923076923;10.05586592178771;2021;5;5;May;Saturday;Paris;48.8534;2.3488;May 2021;Very Hard
2021-06-17 09:02:58;Grimaud Running;8.64;433.0;01:05:17;164;189;184.0;192.0;7.566666666666666;4.7;0.72;65.38333333333334;65.28333333333333;7.929515418502203;12.76595744680851;2021;6;3;June;Thursday;Grimaud;43.2667;6.5167;Jun 2021;Hard
2021-06-19 08:18:19;Grimaud Running;8.13;390.0;01:02:16;151;176;186.0;194.0;7.666666666666667;6.716666666666667;0.7;62.266666666666666;62.266666666666666;7.826086956521739;8.933002481389577;2021;6;5;June;Saturday;Grimaud;43.2667;6.5167;Jun 2021;Moderate
2021-08-01 09:25:22;Deauville Running;7.51;405.0;00:56:23;172;182;186.0;192.0;7.5;6.733333333333333;0.72;56.38333333333333;56.38333333333333;8.0;8.910891089108912;2021;8;6;August;Sunday;Paris;48.8534;2.3488;Aug 2021;Very Hard
2021-08-28 09:50:57;Paris Running;4.44;246.0;00:30:25;180;193;184.0;196.0;6.85;5.0;0.79;30.416666666666668;30.416666666666668;8.75912408759124;12.0;2021;8;5;August;Saturday;Paris;48.8534;2.3488;Aug 2021;Very Hard
2021-09-11 08:50:28;Paris Running;4.89;263.0;00:36:10;176;190;184.0;198.0;7.4;6.05;0.74;36.166666666666664;36.166666666666664;8.108108108108107;9.917355371900827;2021;9;5;September;Saturday;Paris;48.8534;2.3488;Sep 2021;Very Hard
2021-09-14 10:50:39;Deauville Running;7.75;392.0;00:57:15;173;183;184.0;194.0;7.383333333333334;6.5;0.73;57.25;57.25;8.126410835214447;9.23076923076923;2021;9;1;September;Tuesday;Paris;48.8534;2.3488;Sep 2021;Very Hard
2021-09-19 09:42:03;Paris Running;10.07;499.0;01:11:00;171;188;184.0;190.0;7.05;5.4;0.77;71.0;71.0;8.51063829787234;11.11111111111111;2021;9;6;September;Sunday;Paris;48.8534;2.3488;Sep 2021;Very Hard
2021-09-23 08:03:41;Paris Running;4.42;211.0;00:29:36;169;179;192.0;200.0;6.683333333333334;6.033333333333333;0.78;29.6;29.6;8.977556109725686;9.94475138121547;2021;9;3;September;Thursday;Paris;48.8534;2.3488;Sep 2021;Hard
2021-09-25 08:23:19;Paris Running;11.29;550.0;01:13:06;175;194;188.0;198.0;6.483333333333333;5.016666666666667;0.82;73.1;73.1;9.254498714652955;11.960132890365449;2021;9;5;September;Saturday;Paris;48.8534;2.3488;Sep 2021;Very Hard
2021-09-27 11:00:30;Deauville Running;9.47;437.0;01:03:03;167;181;188.0;196.0;6.666666666666667;4.933333333333334;0.8;63.05;63.05;9.0;12.162162162162161;2021;9;0;September;Monday;Paris;48.8534;2.3488;Sep 2021;Hard
2021-09-28 10:52:36;Deauville Running;9.71;473.0;01:03:34;173;187;190.0;196.0;6.55;5.8;0.8;63.56666666666667;63.56666666666667;9.160305343511451;10.344827586206897;2021;9;1;September;Tuesday;Paris;48.8534;2.3488;Sep 2021;Very Hard
2021-10-01 08:32:18;Grimaud Running;8.79;404.0;01:00:37;160;185;190.0;200.0;6.9;5.416666666666667;0.77;60.61666666666667;60.61666666666667;8.695652173913043;11.076923076923077;2021;10;4;October;Friday;Grimaud;43.2667;6.5167;Oct 2021;Hard
2021-10-03 08:45:42;Grimaud Running;9.26;466.0;01:03:44;170;186;188.0;198.0;6.883333333333333;5.95;0.77;63.733333333333334;63.733333333333334;8.716707021791768;10.084033613445378;2021;10;6;October;Sunday;Grimaud;43.2667;6.5167;Oct 2021;Hard
2021-11-13 09:56:22;Paris Running;3.9;203.0;00:26:11;165;175;190.0;200.0;6.716666666666667;5.533333333333333;0.78;26.183333333333334;26.183333333333334;8.933002481389577;10.843373493975903;2021;11;5;November;Saturday;Paris;48.8534;2.3488;Nov 2021;Hard
2021-11-21 10:10:43;Paris Running;8.65;418.0;00:56:22;156;178;192.0;206.0;6.516666666666667;5.75;0.8;56.61666666666667;56.36666666666667;9.207161125319693;10.434782608695652;2021;11;6;November;Sunday;Paris;48.8534;2.3488;Nov 2021;Hard
2021-11-27 09:28:34;Paris Running;9.2;448.0;00:56:09;165;180;194.0;206.0;6.1;5.233333333333333;0.85;56.15;56.15;9.836065573770492;11.464968152866241;2021;11;5;November;Saturday;Paris;48.8534;2.3488;Nov 2021;Hard
2021-12-11 09:23:22;Paris Running;7.17;370.0;00:47:01;163;176;192.0;200.0;6.55;5.1;0.79;47.016666666666666;47.016666666666666;9.160305343511451;11.764705882352942;2021;12;5;December;Saturday;Paris;48.8534;2.3488;Dec 2021;Hard
2021-12-18 09:41:04;Paris Running;9.63;473.0;01:03:57;159;177;190.0;198.0;6.65;5.45;0.79;63.95;63.95;9.022556390977444;11.009174311926605;2021;12;5;December;Saturday;Paris;48.8534;2.3488;Dec 2021;Hard
2021-12-19 10:17:13;Paris Running;8.17;381.0;00:55:59;149;164;192.0;206.0;6.85;5.8;0.76;55.983333333333334;55.983333333333334;8.75912408759124;10.344827586206897;2021;12;6;December;Sunday;Paris;48.8534;2.3488;Dec 2021;Moderate
